column0, column1, column2, column3, column4, column5, column6, column7, column8, column9, 
29579, 29580, 29581, 29582, 29583, 29584, 29585, 29586, 29587, 29588,
11069, 11070, 11071, 11072, 11073, 11074, 11075, 11076, 11077, 11078,
2705, 2706, 2707, 2708, 2709, 2710, 2711, 2712, 2713, 2714,
92458, 92459, 92460, 92461, 92462, 92463, 92464, 92465, 92466, 92467,
51995, 51996, 51997, 51998, 51999, 52000, 52001, 52002, 52003, 52004,
84009, 84010, 84011, 84012, 84013, 84014, 84015, 84016, 84017, 84018,
53306, 53307, 53308, 53309, 53310, 53311, 53312, 53313, 53314, 53315,
19717, 19718, 19719, 19720, 19721, 19722, 19723, 19724, 19725, 19726,
32283, 32284, 32285, 32286, 32287, 32288, 32289, 32290, 32291, 32292,
34233, 34234, 34235, 34236, 34237, 34238, 34239, 34240, 34241, 34242,
76567, 76568, 76569, 76570, 76571, 76572, 76573, 76574, 76575, 76576,
29277, 29278, 29279, 29280, 29281, 29282, 29283, 29284, 29285, 29286,
73019, 73020, 73021, 73022, 73023, 73024, 73025, 73026, 73027, 73028,
28428, 28429, 28430, 28431, 28432, 28433, 28434, 28435, 28436, 28437,
86438, 86439, 86440, 86441, 86442, 86443, 86444, 8644